X,CH1,CH2,Start,Increment,
Sequence,Volt,Volt,-9.100000e-03,1.300000e-05,
0,2.800000e-01,4.704000e-02,
1,2.744000e-01,4.214000e-02,
2,2.800000e-01,4.704000e-02,
3,2.744000e-01,4.214000e-02,
4,2.856000e-01,4.704000e-02,
5,2.856000e-01,4.312000e-02,
6,2.856000e-01,4.704000e-02,
7,2.912000e-01,4.214000e-02,
8,2.968000e-01,4.508000e-02,
9,3.024000e-01,5.096000e-02,
10,3.024000e-01,4.802000e-02,
11,3.080000e-01,4.312000e-02,
12,3.080000e-01,4.704000e-02,
13,3.136000e-01,5.194000e-02,
14,3.192000e-01,4.802000e-02,
15,3.192000e-01,5.292000e-02,
16,3.248000e-01,4.998000e-02,
17,3.248000e-01,5.488000e-02,
18,3.304000e-01,5.586000e-02,
19,3.304000e-01,5.096000e-02,
20,3.360000e-01,5.194000e-02,
21,3.360000e-01,5.684000e-02,
22,3.416000e-01,5.684000e-02,
23,3.472000e-01,5.194000e-02,
24,3.472000e-01,5.488000e-02,
25,3.528000e-01,5.978000e-02,
26,3.528000e-01,5.978000e-02,
27,3.584000e-01,5.488000e-02,
28,3.584000e-01,5.978000e-02,
29,3.640000e-01,5.390000e-02,
30,3.640000e-01,6.272000e-02,
31,3.696000e-01,5.782000e-02,
32,3.696000e-01,6.272000e-02,
33,3.752000e-01,5.782000e-02,
34,3.752000e-01,5.782000e-02,
35,3.752000e-01,6.272000e-02,
36,3.808000e-01,6.174000e-02,
37,3.864000e-01,5.684000e-02,
38,3.864000e-01,5.978000e-02,
39,3.864000e-01,6.468000e-02,
40,3.920000e-01,6.468000e-02,
41,3.920000e-01,5.978000e-02,
42,3.976000e-01,6.076000e-02,
43,3.976000e-01,6.664000e-02,
44,4.032000e-01,6.566000e-02,
45,3.976000e-01,6.076000e-02,
46,4.088000e-01,6.664000e-02,
47,4.088000e-01,6.174000e-02,
48,4.144000e-01,7.056000e-02,
49,4.088000e-01,6.566000e-02,
50,4.144000e-01,6.468000e-02,
51,4.200000e-01,6.958000e-02,
52,4.200000e-01,7.056000e-02,
53,4.256000e-01,6.566000e-02,
54,4.256000e-01,6.762000e-02,
55,4.256000e-01,6.272000e-02,
56,4.312000e-01,7.056000e-02,
57,4.256000e-01,6.566000e-02,
58,4.312000e-01,7.154000e-02,
59,4.368000e-01,6.664000e-02,
60,4.368000e-01,7.252000e-02,
61,4.424000e-01,6.762000e-02,
62,4.424000e-01,6.664000e-02,
63,4.480000e-01,7.154000e-02,
64,4.480000e-01,7.644000e-02,
65,4.424000e-01,7.154000e-02,
66,4.536000e-01,7.448000e-02,
67,4.480000e-01,6.958000e-02,
68,4.536000e-01,6.958000e-02,
69,4.536000e-01,7.448000e-02,
70,4.592000e-01,7.644000e-02,
71,4.592000e-01,7.154000e-02,
72,4.592000e-01,7.154000e-02,
73,4.648000e-01,7.644000e-02,
74,4.648000e-01,7.742000e-02,
75,4.592000e-01,7.252000e-02,
76,4.648000e-01,7.546000e-02,
77,4.704000e-01,7.056000e-02,
78,4.704000e-01,7.546000e-02,
79,4.648000e-01,8.036000e-02,
80,4.760000e-01,7.938000e-02,
81,4.760000e-01,7.448000e-02,
82,4.704000e-01,7.448000e-02,
83,4.760000e-01,7.938000e-02,
84,4.816000e-01,7.938000e-02,
85,4.760000e-01,7.546000e-02,
86,4.816000e-01,7.546000e-02,
87,4.760000e-01,8.036000e-02,
88,4.872000e-01,7.742000e-02,
89,4.816000e-01,7.350000e-02,
90,4.872000e-01,7.742000e-02,
91,4.816000e-01,8.232000e-02,
92,4.928000e-01,8.330000e-02,
93,4.872000e-01,7.840000e-02,
94,4.928000e-01,8.036000e-02,
95,4.872000e-01,7.546000e-02,
96,4.928000e-01,8.036000e-02,
97,4.872000e-01,7.644000e-02,
98,4.984000e-01,7.840000e-02,
99,4.928000e-01,8.330000e-02,
100,4.984000e-01,7.742000e-02,
101,4.984000e-01,8.232000e-02,
102,4.984000e-01,8.232000e-02,
103,4.928000e-01,7.742000e-02,
104,4.984000e-01,8.232000e-02,
105,4.984000e-01,7.644000e-02,
106,5.040000e-01,7.742000e-02,
107,4.984000e-01,8.232000e-02,
108,5.040000e-01,8.330000e-02,
109,4.984000e-01,7.840000e-02,
110,5.040000e-01,7.938000e-02,
111,5.040000e-01,8.428000e-02,
112,5.040000e-01,7.742000e-02,
113,5.040000e-01,8.330000e-02,
114,5.040000e-01,7.840000e-02,
115,5.040000e-01,8.330000e-02,
116,5.040000e-01,7.840000e-02,
117,5.040000e-01,8.330000e-02,
118,5.040000e-01,8.036000e-02,
119,5.096000e-01,8.526000e-02,
120,5.040000e-01,7.840000e-02,
121,5.096000e-01,8.330000e-02,
122,5.096000e-01,7.840000e-02,
123,5.040000e-01,8.330000e-02,
124,5.040000e-01,8.428000e-02,
125,5.040000e-01,7.840000e-02,
126,5.096000e-01,7.938000e-02,
127,5.040000e-01,8.428000e-02,
128,5.096000e-01,7.938000e-02,
129,5.040000e-01,8.428000e-02,
130,5.096000e-01,8.330000e-02,
131,5.040000e-01,7.840000e-02,
132,5.096000e-01,7.840000e-02,
133,5.040000e-01,8.330000e-02,
134,5.040000e-01,8.134000e-02,
135,5.040000e-01,7.644000e-02,
136,5.040000e-01,7.840000e-02,
137,5.096000e-01,8.330000e-02,
138,5.040000e-01,8.330000e-02,
139,4.984000e-01,7.840000e-02,
140,5.040000e-01,7.840000e-02,
141,5.040000e-01,8.330000e-02,
142,5.040000e-01,8.330000e-02,
143,4.984000e-01,7.840000e-02,
144,5.040000e-01,7.742000e-02,
145,4.984000e-01,8.232000e-02,
146,4.984000e-01,7.840000e-02,
147,4.928000e-01,8.428000e-02,
148,4.984000e-01,7.742000e-02,
149,4.928000e-01,8.232000e-02,
150,4.928000e-01,8.232000e-02,
151,4.984000e-01,7.644000e-02,
152,4.928000e-01,8.036000e-02,
153,4.928000e-01,7.546000e-02,
154,4.928000e-01,8.134000e-02,
155,4.928000e-01,7.644000e-02,
156,4.928000e-01,7.742000e-02,
157,4.928000e-01,8.134000e-02,
158,4.928000e-01,7.840000e-02,
159,4.872000e-01,8.330000e-02,
160,4.872000e-01,8.232000e-02,
161,4.816000e-01,7.742000e-02,
162,4.872000e-01,7.546000e-02,
163,4.816000e-01,8.036000e-02,
164,4.816000e-01,7.938000e-02,
165,4.816000e-01,7.448000e-02,
166,4.760000e-01,7.350000e-02,
167,4.816000e-01,7.938000e-02,
168,4.760000e-01,7.840000e-02,
169,4.704000e-01,7.350000e-02,
170,4.704000e-01,7.840000e-02,
171,4.760000e-01,7.350000e-02,
172,4.704000e-01,7.252000e-02,
173,4.704000e-01,7.742000e-02,
174,4.648000e-01,7.840000e-02,
175,4.648000e-01,7.350000e-02,
176,4.648000e-01,7.056000e-02,
177,4.592000e-01,7.644000e-02,
178,4.592000e-01,7.350000e-02,
179,4.592000e-01,7.742000e-02,
180,4.592000e-01,6.958000e-02,
181,4.536000e-01,7.448000e-02,
182,4.536000e-01,7.252000e-02,
183,4.480000e-01,7.742000e-02,
184,4.480000e-01,7.644000e-02,
185,4.480000e-01,7.056000e-02,
186,4.480000e-01,6.762000e-02,
187,4.424000e-01,7.252000e-02,
188,4.424000e-01,6.860000e-02,
189,4.368000e-01,7.350000e-02,
190,4.424000e-01,7.252000e-02,
191,4.368000e-01,6.762000e-02,
192,4.368000e-01,7.056000e-02,
193,4.312000e-01,6.566000e-02,
194,4.312000e-01,7.056000e-02,
195,4.256000e-01,6.566000e-02,
196,4.256000e-01,6.566000e-02,
197,4.200000e-01,7.056000e-02,
198,4.200000e-01,6.272000e-02,
199,4.200000e-01,6.762000e-02,
200,4.144000e-01,6.664000e-02,
201,4.144000e-01,6.174000e-02,
202,4.088000e-01,6.762000e-02,
203,4.088000e-01,6.272000e-02,
204,4.032000e-01,6.664000e-02,
205,4.032000e-01,6.174000e-02,
206,3.976000e-01,6.664000e-02,
207,3.976000e-01,6.174000e-02,
208,3.976000e-01,6.664000e-02,
209,3.920000e-01,6.076000e-02,
210,3.920000e-01,6.272000e-02,
211,3.864000e-01,5.782000e-02,
212,3.864000e-01,5.880000e-02,
213,3.808000e-01,6.370000e-02,
214,3.808000e-01,6.272000e-02,
215,3.752000e-01,5.782000e-02,
216,3.752000e-01,5.684000e-02,
217,3.696000e-01,6.174000e-02,
218,3.696000e-01,5.782000e-02,
219,3.640000e-01,6.272000e-02,
220,3.640000e-01,5.586000e-02,
221,3.584000e-01,6.076000e-02,
222,3.584000e-01,5.390000e-02,
223,3.528000e-01,5.782000e-02,
224,3.528000e-01,5.488000e-02,
225,3.472000e-01,5.880000e-02,
226,3.472000e-01,5.292000e-02,
227,3.416000e-01,5.782000e-02,
228,3.416000e-01,5.390000e-02,
229,3.360000e-01,4.900000e-02,
230,3.304000e-01,4.900000e-02,
231,3.360000e-01,5.390000e-02,
232,3.304000e-01,4.900000e-02,
233,3.248000e-01,5.390000e-02,
234,3.192000e-01,5.390000e-02,
235,3.248000e-01,4.900000e-02,
236,3.136000e-01,5.096000e-02,
237,3.136000e-01,4.508000e-02,
238,3.080000e-01,4.802000e-02,
239,3.080000e-01,4.312000e-02,
240,3.024000e-01,4.704000e-02,
241,3.024000e-01,5.194000e-02,
242,2.968000e-01,4.508000e-02,
243,2.912000e-01,4.998000e-02,
244,2.912000e-01,4.508000e-02,
245,2.856000e-01,4.900000e-02,
246,2.800000e-01,4.312000e-02,
247,2.856000e-01,3.822000e-02,
248,2.744000e-01,4.214000e-02,
249,2.744000e-01,4.704000e-02,
250,2.688000e-01,4.410000e-02,
251,2.688000e-01,3.920000e-02,
252,2.632000e-01,4.018000e-02,
253,2.576000e-01,4.508000e-02,
254,2.576000e-01,3.724000e-02,
255,2.520000e-01,4.214000e-02,
256,2.464000e-01,4.018000e-02,
257,2.464000e-01,3.528000e-02,
258,2.408000e-01,3.920000e-02,
259,2.352000e-01,3.430000e-02,
260,2.352000e-01,3.920000e-02,
261,2.296000e-01,3.430000e-02,
262,2.240000e-01,3.822000e-02,
263,2.240000e-01,3.332000e-02,
264,2.184000e-01,3.234000e-02,
265,2.128000e-01,3.626000e-02,
266,2.128000e-01,2.940000e-02,
267,2.072000e-01,3.430000e-02,
268,2.016000e-01,2.940000e-02,
269,2.072000e-01,3.430000e-02,
270,1.904000e-01,3.136000e-02,
271,1.960000e-01,2.646000e-02,
272,1.904000e-01,2.548000e-02,
273,1.848000e-01,3.038000e-02,
274,1.792000e-01,2.548000e-02,
275,1.736000e-01,3.038000e-02,
276,1.736000e-01,2.842000e-02,
277,1.680000e-01,2.352000e-02,
278,1.624000e-01,2.254000e-02,
279,1.680000e-01,2.744000e-02,
280,1.568000e-01,2.156000e-02,
281,1.568000e-01,2.646000e-02,
282,1.512000e-01,2.646000e-02,
283,1.456000e-01,2.156000e-02,
284,1.400000e-01,1.960000e-02,
285,1.456000e-01,2.450000e-02,
286,1.344000e-01,2.548000e-02,
287,1.288000e-01,2.058000e-02,
288,1.232000e-01,1.666000e-02,
289,1.232000e-01,2.156000e-02,
290,1.176000e-01,1.568000e-02,
291,1.120000e-01,2.058000e-02,
292,1.120000e-01,1.960000e-02,
293,1.064000e-01,1.470000e-02,
294,1.008000e-01,1.666000e-02,
295,1.008000e-01,1.176000e-02,
296,9.519999e-02,1.470000e-02,
297,9.519999e-02,9.800000e-03,
298,8.960000e-02,9.800000e-03,
299,8.400000e-02,1.470000e-02,
300,7.840000e-02,9.800000e-03,
301,7.840000e-02,1.470000e-02,
302,6.720000e-02,9.800000e-03,
303,7.280000e-02,1.372000e-02,
304,6.160000e-02,5.880000e-03,
305,6.160000e-02,1.078000e-02,
306,5.040000e-02,9.800000e-03,
307,5.040000e-02,4.900000e-03,
308,4.480000e-02,8.820000e-03,
309,3.920000e-02,4.900000e-03,
310,3.920000e-02,9.800000e-04,
311,3.360000e-02,4.900000e-03,
312,2.800000e-02,9.800000e-04,
313,2.800000e-02,5.880000e-03,
314,2.240000e-02,0.000000e+00,
315,1.680000e-02,4.900000e-03,
316,1.120000e-02,-9.800000e-04,
317,5.600000e-03,3.920000e-03,
318,5.600000e-03,-3.920000e-03,
319,0.000000e+00,9.800000e-04,
320,-5.600000e-03,9.800000e-04,
321,-5.600000e-03,-3.920000e-03,
322,-1.120000e-02,-9.800000e-04,
323,-1.680000e-02,-5.880000e-03,
324,-2.240000e-02,-6.860000e-03,
325,-2.240000e-02,-1.960000e-03,
326,-2.800000e-02,-2.940000e-03,
327,-3.360000e-02,-7.840000e-03,
328,-3.920000e-02,-8.820000e-03,
329,-3.920000e-02,-3.920000e-03,
330,-4.480000e-02,-6.860000e-03,
331,-5.040000e-02,-1.176000e-02,
332,-5.600000e-02,-8.820000e-03,
333,-5.600000e-02,-1.470000e-02,
334,-6.160000e-02,-8.820000e-03,
335,-6.720000e-02,-1.274000e-02,
336,-6.720000e-02,-1.274000e-02,
337,-7.280000e-02,-1.666000e-02,
338,-7.840000e-02,-1.176000e-02,
339,-8.400000e-02,-1.666000e-02,
340,-8.400000e-02,-1.764000e-02,
341,-8.960000e-02,-1.274000e-02,
342,-9.519999e-02,-1.470000e-02,
343,-1.008000e-01,-1.960000e-02,
344,-1.008000e-01,-2.058000e-02,
345,-1.064000e-01,-1.666000e-02,
346,-1.120000e-01,-1.666000e-02,
347,-1.120000e-01,-2.254000e-02,
348,-1.176000e-01,-1.764000e-02,
349,-1.232000e-01,-2.254000e-02,
350,-1.288000e-01,-2.352000e-02,
351,-1.288000e-01,-1.862000e-02,
352,-1.344000e-01,-2.744000e-02,
353,-1.344000e-01,-2.254000e-02,
354,-1.400000e-01,-2.842000e-02,
355,-1.456000e-01,-2.352000e-02,
356,-1.512000e-01,-3.038000e-02,
357,-1.512000e-01,-2.548000e-02,
358,-1.568000e-01,-2.352000e-02,
359,-1.624000e-01,-2.744000e-02,
360,-1.624000e-01,-2.646000e-02,
361,-1.680000e-01,-3.038000e-02,
362,-1.736000e-01,-3.234000e-02,
363,-1.680000e-01,-2.744000e-02,
364,-1.792000e-01,-3.038000e-02,
365,-1.848000e-01,-3.430000e-02,
366,-1.848000e-01,-3.528000e-02,
367,-1.904000e-01,-3.038000e-02,
368,-1.960000e-01,-3.136000e-02,
369,-2.016000e-01,-3.528000e-02,
370,-2.016000e-01,-3.136000e-02,
371,-2.072000e-01,-3.626000e-02,
372,-2.128000e-01,-3.822000e-02,
373,-2.072000e-01,-3.332000e-02,
374,-2.184000e-01,-3.822000e-02,
375,-2.184000e-01,-3.430000e-02,
376,-2.296000e-01,-3.430000e-02,
377,-2.240000e-01,-3.920000e-02,
378,-2.296000e-01,-3.724000e-02,
379,-2.352000e-01,-4.312000e-02,
380,-2.408000e-01,-4.312000e-02,
381,-2.352000e-01,-3.920000e-02,
382,-2.464000e-01,-4.508000e-02,
383,-2.464000e-01,-4.018000e-02,
384,-2.576000e-01,-4.704000e-02,
385,-2.520000e-01,-4.214000e-02,
386,-2.576000e-01,-4.214000e-02,
387,-2.632000e-01,-4.704000e-02,
388,-2.688000e-01,-4.312000e-02,
389,-2.688000e-01,-4.802000e-02,
390,-2.744000e-01,-4.312000e-02,
391,-2.800000e-01,-4.704000e-02,
392,-2.800000e-01,-4.900000e-02,
393,-2.856000e-01,-4.508000e-02,
394,-2.912000e-01,-5.096000e-02,
395,-2.912000e-01,-4.508000e-02,
396,-2.912000e-01,-4.704000e-02,
397,-2.968000e-01,-5.194000e-02,
398,-3.024000e-01,-4.704000e-02,
399,-3.024000e-01,-5.292000e-02,
400,-3.080000e-01,-5.390000e-02,
401,-3.080000e-01,-4.900000e-02,
402,-3.136000e-01,-5.488000e-02,
403,-3.192000e-01,-4.998000e-02,
404,-3.192000e-01,-5.586000e-02,
405,-3.248000e-01,-5.096000e-02,
406,-3.248000e-01,-5.684000e-02,
407,-3.248000e-01,-5.194000e-02,
408,-3.304000e-01,-5.292000e-02,
409,-3.360000e-01,-5.782000e-02,
410,-3.416000e-01,-5.684000e-02,
411,-3.416000e-01,-5.194000e-02,
412,-3.472000e-01,-6.272000e-02,
413,-3.416000e-01,-5.782000e-02,
414,-3.528000e-01,-5.880000e-02,
415,-3.528000e-01,-6.370000e-02,
416,-3.584000e-01,-6.174000e-02,
417,-3.528000e-01,-5.586000e-02,
418,-3.640000e-01,-6.076000e-02,
419,-3.640000e-01,-6.566000e-02,
420,-3.696000e-01,-6.174000e-02,
421,-3.696000e-01,-5.684000e-02,
422,-3.696000e-01,-6.566000e-02,
423,-3.752000e-01,-6.076000e-02,
424,-3.752000e-01,-6.468000e-02,
425,-3.808000e-01,-5.978000e-02,
426,-3.808000e-01,-6.664000e-02,
427,-3.808000e-01,-6.076000e-02,
428,-3.864000e-01,-6.174000e-02,
429,-3.920000e-01,-6.664000e-02,
430,-3.920000e-01,-6.566000e-02,
431,-3.976000e-01,-6.076000e-02,
432,-3.976000e-01,-6.370000e-02,
433,-3.976000e-01,-6.762000e-02,
434,-4.032000e-01,-6.958000e-02,
435,-4.032000e-01,-6.468000e-02,
436,-4.088000e-01,-6.566000e-02,
437,-4.144000e-01,-6.958000e-02,
438,-4.144000e-01,-6.566000e-02,
439,-4.144000e-01,-7.056000e-02,
440,-4.200000e-01,-6.860000e-02,
441,-4.200000e-01,-7.350000e-02,
442,-4.200000e-01,-7.252000e-02,
443,-4.256000e-01,-6.762000e-02,
444,-4.256000e-01,-7.448000e-02,
445,-4.256000e-01,-6.958000e-02,
446,-4.312000e-01,-7.350000e-02,
447,-4.312000e-01,-6.762000e-02,
448,-4.368000e-01,-7.742000e-02,
449,-4.312000e-01,-7.252000e-02,
450,-4.368000e-01,-7.546000e-02,
451,-4.424000e-01,-7.154000e-02,
452,-4.424000e-01,-7.546000e-02,
453,-4.424000e-01,-7.056000e-02,
454,-4.480000e-01,-7.448000e-02,
455,-4.424000e-01,-6.958000e-02,
456,-4.480000e-01,-7.252000e-02,
457,-4.536000e-01,-7.742000e-02,
458,-4.480000e-01,-7.252000e-02,
459,-4.536000e-01,-7.742000e-02,
460,-4.536000e-01,-8.036000e-02,
461,-4.536000e-01,-7.546000e-02,
462,-4.592000e-01,-7.644000e-02,
463,-4.592000e-01,-8.232000e-02,
464,-4.592000e-01,-7.840000e-02,
465,-4.648000e-01,-7.350000e-02,
466,-4.648000e-01,-7.350000e-02,
467,-4.648000e-01,-7.840000e-02,
468,-4.704000e-01,-7.546000e-02,
469,-4.648000e-01,-7.938000e-02,
470,-4.704000e-01,-7.644000e-02,
471,-4.704000e-01,-8.134000e-02,
472,-4.704000e-01,-7.546000e-02,
473,-4.760000e-01,-8.036000e-02,
474,-4.760000e-01,-8.036000e-02,
475,-4.704000e-01,-7.546000e-02,
476,-4.760000e-01,-8.232000e-02,
477,-4.816000e-01,-7.742000e-02,
478,-4.816000e-01,-8.232000e-02,
479,-4.816000e-01,-7.742000e-02,
480,-4.816000e-01,-8.232000e-02,
481,-4.816000e-01,-7.742000e-02,
482,-4.816000e-01,-7.938000e-02,
483,-4.872000e-01,-8.428000e-02,
484,-4.816000e-01,-7.742000e-02,
485,-4.872000e-01,-8.232000e-02,
486,-4.872000e-01,-8.428000e-02,
487,-4.872000e-01,-7.938000e-02,
488,-4.872000e-01,-8.526000e-02,
489,-4.872000e-01,-7.938000e-02,
490,-4.928000e-01,-8.330000e-02,
491,-4.872000e-01,-7.840000e-02,
492,-4.872000e-01,-7.938000e-02,
493,-4.928000e-01,-8.428000e-02,
494,-4.928000e-01,-8.134000e-02,
495,-4.928000e-01,-8.624000e-02,
496,-4.928000e-01,-7.938000e-02,
497,-4.928000e-01,-8.428000e-02,
498,-4.928000e-01,-8.232000e-02,
499,-4.928000e-01,-7.840000e-02,
500,-4.984000e-01,-8.526000e-02,
501,-4.928000e-01,-8.036000e-02,
502,-4.928000e-01,-8.428000e-02,
503,-4.984000e-01,-7.938000e-02,
504,-4.928000e-01,-8.134000e-02,
505,-4.984000e-01,-8.624000e-02,
506,-4.984000e-01,-8.036000e-02,
507,-4.928000e-01,-8.526000e-02,
508,-4.928000e-01,-8.428000e-02,
509,-4.984000e-01,-7.938000e-02,
510,-4.928000e-01,-7.840000e-02,
511,-4.984000e-01,-8.330000e-02,
512,-4.928000e-01,-8.330000e-02,
513,-4.984000e-01,-7.840000e-02,
514,-4.928000e-01,-8.232000e-02,
515,-4.928000e-01,-7.840000e-02,
516,-4.928000e-01,-8.526000e-02,
517,-4.984000e-01,-8.036000e-02,
518,-4.928000e-01,-8.526000e-02,
519,-4.928000e-01,-8.036000e-02,
520,-4.928000e-01,-7.742000e-02,
521,-4.928000e-01,-8.232000e-02,
522,-4.928000e-01,-8.428000e-02,
523,-4.928000e-01,-8.036000e-02,
524,-4.928000e-01,-8.330000e-02,
525,-4.872000e-01,-7.840000e-02,
526,-4.928000e-01,-7.840000e-02,
527,-4.872000e-01,-8.330000e-02,
528,-4.872000e-01,-8.526000e-02,
529,-4.928000e-01,-8.036000e-02,
530,-4.872000e-01,-8.036000e-02,
531,-4.872000e-01,-8.526000e-02,
532,-4.816000e-01,-7.742000e-02,
533,-4.872000e-01,-8.232000e-02,
534,-4.816000e-01,-8.134000e-02,
535,-4.872000e-01,-8.624000e-02,
536,-4.816000e-01,-8.232000e-02,
537,-4.872000e-01,-7.742000e-02,
538,-4.816000e-01,-7.840000e-02,
539,-4.816000e-01,-8.330000e-02,
540,-4.760000e-01,-8.134000e-02,
541,-4.816000e-01,-7.644000e-02,
542,-4.760000e-01,-8.134000e-02,
543,-4.760000e-01,-7.644000e-02,
544,-4.760000e-01,-7.840000e-02,
545,-4.704000e-01,-8.330000e-02,
546,-4.704000e-01,-7.840000e-02,
547,-4.760000e-01,-8.232000e-02,
548,-4.704000e-01,-7.938000e-02,
549,-4.704000e-01,-7.546000e-02,
550,-4.704000e-01,-7.938000e-02,
551,-4.648000e-01,-7.448000e-02,
552,-4.648000e-01,-7.644000e-02,
553,-4.648000e-01,-8.134000e-02,
554,-4.648000e-01,-8.232000e-02,
555,-4.592000e-01,-7.742000e-02,
556,-4.592000e-01,-8.036000e-02,
557,-4.592000e-01,-7.448000e-02,
558,-4.536000e-01,-8.036000e-02,
559,-4.592000e-01,-7.546000e-02,
560,-4.480000e-01,-7.154000e-02,
561,-4.536000e-01,-7.644000e-02,
562,-4.480000e-01,-7.154000e-02,
563,-4.480000e-01,-7.546000e-02,
564,-4.424000e-01,-7.154000e-02,
565,-4.480000e-01,-7.644000e-02,
566,-4.424000e-01,-7.546000e-02,
567,-4.368000e-01,-7.056000e-02,
568,-4.368000e-01,-7.448000e-02,
569,-4.424000e-01,-6.958000e-02,
570,-4.368000e-01,-6.958000e-02,
571,-4.312000e-01,-7.448000e-02,
572,-4.312000e-01,-6.958000e-02,
573,-4.312000e-01,-7.350000e-02,
574,-4.256000e-01,-7.154000e-02,
575,-4.256000e-01,-6.664000e-02,
576,-4.256000e-01,-6.762000e-02,
577,-4.200000e-01,-7.252000e-02,
578,-4.200000e-01,-6.566000e-02,
579,-4.200000e-01,-7.056000e-02,
580,-4.144000e-01,-6.664000e-02,
581,-4.088000e-01,-7.154000e-02,
582,-4.088000e-01,-6.762000e-02,
583,-4.088000e-01,-7.252000e-02,
584,-4.032000e-01,-6.566000e-02,
585,-4.088000e-01,-7.056000e-02,
586,-3.976000e-01,-6.468000e-02,
587,-4.032000e-01,-6.860000e-02,
588,-3.920000e-01,-6.860000e-02,
589,-3.976000e-01,-6.370000e-02,
590,-3.864000e-01,-6.272000e-02,
591,-3.864000e-01,-6.762000e-02,
592,-3.864000e-01,-6.566000e-02,
593,-3.808000e-01,-6.174000e-02,
594,-3.808000e-01,-6.468000e-02,
595,-3.752000e-01,-5.880000e-02,
596,-3.752000e-01,-5.978000e-02,
597,-3.696000e-01,-6.468000e-02,
598,-3.696000e-01,-6.468000e-02,
599,-3.640000e-01,-5.978000e-02,
600,-3.640000e-01,-6.076000e-02,
601,-3.584000e-01,-6.566000e-02,
602,-3.584000e-01,-6.174000e-02,
603,-3.528000e-01,-5.782000e-02,
604,-3.528000e-01,-5.978000e-02,
605,-3.472000e-01,-6.468000e-02,
606,-3.472000e-01,-5.880000e-02,
607,-3.416000e-01,-5.390000e-02,
608,-3.416000e-01,-5.488000e-02,
609,-3.360000e-01,-5.978000e-02,
610,-3.360000e-01,-5.782000e-02,
611,-3.304000e-01,-5.292000e-02,
612,-3.304000e-01,-5.194000e-02,
613,-3.248000e-01,-5.684000e-02,
614,-3.192000e-01,-5.292000e-02,
615,-3.192000e-01,-5.684000e-02,
616,-3.136000e-01,-4.998000e-02,
617,-3.136000e-01,-5.488000e-02,
618,-3.080000e-01,-4.900000e-02,
619,-3.136000e-01,-5.292000e-02,
620,-3.024000e-01,-4.900000e-02,
621,-2.968000e-01,-5.390000e-02,
622,-2.968000e-01,-5.194000e-02,
623,-2.968000e-01,-4.704000e-02,
624,-2.912000e-01,-4.998000e-02,
625,-2.856000e-01,-4.508000e-02,
626,-2.856000e-01,-4.606000e-02,
627,-2.800000e-01,-5.096000e-02,
628,-2.800000e-01,-4.410000e-02,
629,-2.744000e-01,-4.900000e-02,
630,-2.688000e-01,-4.312000e-02,
631,-2.688000e-01,-4.900000e-02,
632,-2.632000e-01,-4.214000e-02,
633,-2.576000e-01,-4.704000e-02,
634,-2.576000e-01,-4.508000e-02,
635,-2.520000e-01,-3.920000e-02,
636,-2.464000e-01,-4.410000e-02,
637,-2.464000e-01,-3.920000e-02,
638,-2.408000e-01,-3.724000e-02,
639,-2.408000e-01,-4.312000e-02,
640,-2.352000e-01,-3.626000e-02,
641,-2.296000e-01,-4.116000e-02,
642,-2.296000e-01,-4.018000e-02,
643,-2.240000e-01,-3.528000e-02,
644,-2.240000e-01,-4.018000e-02,
645,-2.184000e-01,-3.430000e-02,
646,-2.128000e-01,-3.430000e-02,
647,-2.128000e-01,-3.920000e-02,
648,-2.072000e-01,-3.038000e-02,
649,-2.016000e-01,-3.528000e-02,
650,-1.960000e-01,-3.626000e-02,
651,-1.960000e-01,-3.136000e-02,
652,-1.904000e-01,-3.332000e-02,
653,-1.904000e-01,-2.842000e-02,
654,-1.848000e-01,-3.136000e-02,
655,-1.792000e-01,-2.744000e-02,
656,-1.736000e-01,-2.940000e-02,
657,-1.792000e-01,-3.430000e-02,
658,-1.680000e-01,-2.548000e-02,
659,-1.624000e-01,-3.038000e-02,
660,-1.568000e-01,-2.254000e-02,
661,-1.568000e-01,-2.744000e-02,
662,-1.512000e-01,-2.352000e-02,
663,-1.456000e-01,-2.842000e-02,
664,-1.456000e-01,-2.254000e-02,
665,-1.400000e-01,-2.744000e-02,
666,-1.344000e-01,-2.058000e-02,
667,-1.344000e-01,-2.548000e-02,
668,-1.288000e-01,-2.352000e-02,
669,-1.232000e-01,-1.862000e-02,
670,-1.232000e-01,-2.352000e-02,
671,-1.176000e-01,-1.862000e-02,
672,-1.120000e-01,-1.666000e-02,
673,-1.120000e-01,-2.156000e-02,
674,-1.064000e-01,-1.666000e-02,
675,-1.008000e-01,-2.156000e-02,
676,-9.519999e-02,-1.568000e-02,
677,-9.519999e-02,-2.058000e-02,
678,-8.960000e-02,-1.764000e-02,
679,-8.400000e-02,-1.176000e-02,
680,-8.400000e-02,-1.666000e-02,
681,-7.840000e-02,-1.176000e-02,
682,-7.280000e-02,-9.800000e-03,
683,-6.720000e-02,-1.470000e-02,
684,-6.160000e-02,-1.372000e-02,
685,-6.720000e-02,-8.820000e-03,
686,-5.600000e-02,-5.880000e-03,
687,-5.600000e-02,-1.176000e-02,
688,-4.480000e-02,-1.078000e-02,
689,-4.480000e-02,-5.880000e-03,
690,-3.920000e-02,-1.078000e-02,
691,-4.480000e-02,-4.900000e-03,
692,-3.360000e-02,-9.800000e-03,
693,-2.800000e-02,-4.900000e-03,
694,-2.800000e-02,-7.840000e-03,
695,-2.240000e-02,-2.940000e-03,
696,-1.680000e-02,-5.880000e-03,
697,-1.120000e-02,-9.800000e-04,
698,-5.600000e-03,9.800000e-04,
699,-5.600000e-03,-3.920000e-03,
700,0.000000e+00,-2.940000e-03,
701,5.600000e-03,2.940000e-03,
702,1.120000e-02,-8.820000e-03,
703,5.600000e-03,-3.920000e-03,
704,2.240000e-02,2.940000e-03,
705,1.680000e-02,-1.960000e-03,
706,2.240000e-02,5.880000e-03,
707,2.800000e-02,9.800000e-04,
708,3.360000e-02,4.900000e-03,
709,3.920000e-02,0.000000e+00,
710,3.920000e-02,8.820000e-03,
711,4.480000e-02,2.940000e-03,
712,5.040000e-02,9.800000e-03,
713,5.600000e-02,3.920000e-03,
714,6.160000e-02,5.880000e-03,
715,5.600000e-02,1.078000e-02,
716,6.720000e-02,5.880000e-03,
717,6.720000e-02,1.078000e-02,
718,7.280000e-02,1.274000e-02,
719,7.840000e-02,7.840000e-03,
720,8.400000e-02,1.176000e-02,
721,8.960000e-02,1.666000e-02,
722,9.519999e-02,1.666000e-02,
723,8.960000e-02,1.176000e-02,
724,1.008000e-01,1.372000e-02,
725,9.519999e-02,1.862000e-02,
726,1.064000e-01,1.568000e-02,
727,1.120000e-01,1.960000e-02,
728,1.176000e-01,2.058000e-02,
729,1.176000e-01,1.568000e-02,
730,1.232000e-01,2.156000e-02,
731,1.232000e-01,1.666000e-02,
732,1.288000e-01,2.254000e-02,
733,1.344000e-01,1.764000e-02,
734,1.400000e-01,1.960000e-02,
735,1.400000e-01,2.352000e-02,
736,1.512000e-01,2.548000e-02,
737,1.512000e-01,1.960000e-02,
738,1.568000e-01,2.646000e-02,
739,1.512000e-01,2.156000e-02,
740,1.624000e-01,2.744000e-02,
741,1.624000e-01,2.254000e-02,
742,1.736000e-01,2.940000e-02,
743,1.680000e-01,2.450000e-02,
744,1.736000e-01,2.646000e-02,
745,1.792000e-01,3.136000e-02,
746,1.848000e-01,3.136000e-02,
747,1.904000e-01,2.646000e-02,
748,1.904000e-01,3.332000e-02,
749,1.960000e-01,2.940000e-02,
750,2.016000e-01,3.430000e-02,
751,2.016000e-01,2.940000e-02,
752,2.072000e-01,2.940000e-02,
753,2.128000e-01,3.430000e-02,
754,2.184000e-01,3.136000e-02,
755,2.128000e-01,3.626000e-02,
756,2.240000e-01,3.234000e-02,
757,2.184000e-01,3.724000e-02,
758,2.296000e-01,3.332000e-02,
759,2.352000e-01,3.822000e-02,
760,2.408000e-01,4.214000e-02,
761,2.352000e-01,3.724000e-02,
762,2.464000e-01,3.822000e-02,
763,2.464000e-01,4.312000e-02,
764,2.520000e-01,3.822000e-02,
765,2.520000e-01,4.312000e-02,
766,2.576000e-01,4.018000e-02,
767,2.632000e-01,4.508000e-02,
768,2.632000e-01,4.018000e-02,
769,2.688000e-01,4.508000e-02,
770,2.744000e-01,4.704000e-02,
771,2.688000e-01,4.214000e-02,
772,2.800000e-01,4.802000e-02,
773,2.856000e-01,4.312000e-02,
774,2.856000e-01,4.410000e-02,
775,2.912000e-01,4.900000e-02,
776,2.912000e-01,4.410000e-02,
777,2.968000e-01,4.900000e-02,
778,3.024000e-01,4.998000e-02,
779,2.968000e-01,4.508000e-02,
780,3.080000e-01,5.096000e-02,
781,3.080000e-01,4.606000e-02,
782,3.136000e-01,4.704000e-02,
783,3.136000e-01,5.194000e-02,
784,3.192000e-01,5.390000e-02,
785,3.248000e-01,4.802000e-02,
786,3.304000e-01,5.390000e-02,
787,3.248000e-01,4.900000e-02,
788,3.304000e-01,5.488000e-02,
789,3.360000e-01,4.998000e-02,
790,3.360000e-01,5.194000e-02,
791,3.416000e-01,5.684000e-02,
792,3.416000e-01,5.880000e-02,
793,3.472000e-01,5.390000e-02,
794,3.472000e-01,5.390000e-02,
795,3.528000e-01,5.880000e-02,
796,3.584000e-01,5.390000e-02,
797,3.528000e-01,5.978000e-02,
798,3.640000e-01,5.978000e-02,
799,3.584000e-01,5.488000e-02,
800,3.696000e-01,5.684000e-02,
801,3.696000e-01,6.272000e-02,
802,3.696000e-01,6.272000e-02,
803,3.752000e-01,5.684000e-02,
804,3.808000e-01,6.272000e-02,
805,3.752000e-01,5.684000e-02,
806,3.808000e-01,6.468000e-02,
807,3.864000e-01,5.880000e-02,
808,3.864000e-01,6.076000e-02,
809,3.920000e-01,6.566000e-02,
810,3.920000e-01,5.880000e-02,
811,3.976000e-01,6.370000e-02,
812,3.976000e-01,6.174000e-02,
813,4.032000e-01,6.664000e-02,
814,4.032000e-01,6.370000e-02,
815,4.032000e-01,6.860000e-02,
816,4.088000e-01,6.174000e-02,
817,4.032000e-01,6.664000e-02,
818,4.144000e-01,6.762000e-02,
819,4.144000e-01,6.272000e-02,
820,4.144000e-01,6.566000e-02,
821,4.200000e-01,7.056000e-02,
822,4.256000e-01,7.154000e-02,
823,4.200000e-01,6.664000e-02,
824,4.312000e-01,6.958000e-02,
825,4.256000e-01,7.448000e-02,
826,4.312000e-01,7.252000e-02,
827,4.368000e-01,6.762000e-02,
828,4.368000e-01,7.448000e-02,
829,4.368000e-01,6.958000e-02,
830,4.424000e-01,6.958000e-02,
831,4.424000e-01,7.546000e-02,
832,4.424000e-01,7.350000e-02,
833,4.480000e-01,6.958000e-02,
834,4.480000e-01,7.056000e-02,
835,4.480000e-01,7.546000e-02,
836,4.536000e-01,7.350000e-02,
837,4.536000e-01,6.860000e-02,
838,4.592000e-01,7.546000e-02,
839,4.536000e-01,7.056000e-02,
840,4.592000e-01,7.546000e-02,
841,4.592000e-01,7.056000e-02,
842,4.648000e-01,7.644000e-02,
843,4.648000e-01,7.056000e-02,
844,4.648000e-01,8.036000e-02,
845,4.648000e-01,7.546000e-02,
846,4.704000e-01,7.252000e-02,
847,4.648000e-01,7.742000e-02,
848,4.760000e-01,7.252000e-02,
849,4.704000e-01,7.742000e-02,
850,4.760000e-01,7.350000e-02,
851,4.760000e-01,7.840000e-02,
852,4.760000e-01,8.036000e-02,
853,4.816000e-01,7.546000e-02,
854,4.816000e-01,7.448000e-02,
855,4.760000e-01,8.036000e-02,
856,4.816000e-01,7.546000e-02,
857,4.872000e-01,8.036000e-02,
858,4.872000e-01,8.232000e-02,
859,4.872000e-01,7.742000e-02,
860,4.872000e-01,7.546000e-02,
861,4.872000e-01,8.134000e-02,
862,4.928000e-01,7.742000e-02,
863,4.872000e-01,8.232000e-02,
864,4.872000e-01,8.134000e-02,
865,4.928000e-01,7.644000e-02,
866,4.928000e-01,8.428000e-02,
867,4.928000e-01,7.938000e-02,
868,4.984000e-01,7.840000e-02,
869,4.928000e-01,8.428000e-02,
870,4.984000e-01,8.134000e-02,
871,4.928000e-01,7.644000e-02,
872,4.984000e-01,7.742000e-02,
873,4.928000e-01,8.232000e-02,
874,5.040000e-01,7.742000e-02,
875,4.984000e-01,8.232000e-02,
876,5.040000e-01,7.742000e-02,
877,4.984000e-01,8.232000e-02,
878,5.040000e-01,8.232000e-02,
879,5.040000e-01,7.742000e-02,
880,4.984000e-01,8.526000e-02,
881,5.040000e-01,8.036000e-02,
882,5.040000e-01,7.938000e-02,
883,5.040000e-01,8.428000e-02,
884,5.040000e-01,8.428000e-02,
885,5.040000e-01,7.938000e-02,
886,5.096000e-01,7.840000e-02,
887,5.040000e-01,8.330000e-02,
888,5.040000e-01,8.232000e-02,
889,5.096000e-01,7.644000e-02,
890,5.040000e-01,7.742000e-02,
891,5.096000e-01,7.252000e-02,
892,5.040000e-01,8.036000e-02,
893,5.096000e-01,8.526000e-02,
894,5.096000e-01,8.232000e-02,
895,5.040000e-01,8.722000e-02,
896,5.040000e-01,7.938000e-02,
897,5.096000e-01,8.428000e-02,
898,5.040000e-01,8.330000e-02,
899,5.040000e-01,7.840000e-02,
900,5.040000e-01,8.330000e-02,
901,5.040000e-01,7.840000e-02,
902,5.040000e-01,7.742000e-02,
903,5.040000e-01,8.330000e-02,
904,5.040000e-01,8.428000e-02,
905,5.040000e-01,7.938000e-02,
906,5.040000e-01,7.840000e-02,
907,5.040000e-01,8.428000e-02,
908,5.040000e-01,8.526000e-02,
909,5.040000e-01,8.036000e-02,
910,5.040000e-01,7.840000e-02,
911,4.984000e-01,8.330000e-02,
912,5.040000e-01,8.526000e-02,
913,4.984000e-01,7.938000e-02,
914,5.040000e-01,8.330000e-02,
915,4.984000e-01,7.840000e-02,
916,4.984000e-01,8.232000e-02,
917,4.984000e-01,7.742000e-02,
918,4.984000e-01,8.428000e-02,
919,4.984000e-01,7.938000e-02,
920,4.928000e-01,8.134000e-02,
921,4.984000e-01,7.644000e-02,
922,4.928000e-01,8.428000e-02,
923,4.928000e-01,7.938000e-02,
924,4.928000e-01,7.840000e-02,
925,4.928000e-01,8.330000e-02,
926,4.872000e-01,8.134000e-02,
927,4.928000e-01,7.644000e-02,
928,4.872000e-01,8.330000e-02,
929,4.872000e-01,7.840000e-02,
930,4.872000e-01,7.448000e-02,
931,4.872000e-01,8.036000e-02,
932,4.816000e-01,7.938000e-02,
933,4.816000e-01,7.448000e-02,
934,4.816000e-01,7.546000e-02,
935,4.816000e-01,8.036000e-02,
936,4.760000e-01,7.742000e-02,
937,4.760000e-01,7.252000e-02,
938,4.760000e-01,7.448000e-02,
939,4.760000e-01,7.938000e-02,
940,4.704000e-01,7.840000e-02,
941,4.704000e-01,7.350000e-02,
942,4.704000e-01,7.742000e-02,
943,4.648000e-01,7.154000e-02,
944,4.648000e-01,7.154000e-02,
945,4.592000e-01,7.644000e-02,
946,4.648000e-01,7.056000e-02,
947,4.592000e-01,7.644000e-02,
948,4.592000e-01,7.742000e-02,
949,4.536000e-01,7.252000e-02,
950,4.536000e-01,6.762000e-02,
951,4.536000e-01,7.252000e-02,
952,4.536000e-01,6.958000e-02,
953,4.480000e-01,7.448000e-02,
954,4.480000e-01,6.958000e-02,
955,4.480000e-01,7.448000e-02,
956,4.424000e-01,7.350000e-02,
957,4.424000e-01,6.860000e-02,
958,4.424000e-01,7.154000e-02,
959,4.368000e-01,6.664000e-02,
960,4.368000e-01,6.762000e-02,
961,4.312000e-01,7.154000e-02,
962,4.312000e-01,6.664000e-02,
963,4.312000e-01,7.154000e-02,
964,4.312000e-01,6.958000e-02,
965,4.256000e-01,6.468000e-02,
966,4.256000e-01,7.056000e-02,
967,4.200000e-01,6.664000e-02,
968,4.200000e-01,6.566000e-02,
969,4.144000e-01,6.958000e-02,
970,4.144000e-01,6.762000e-02,
971,4.088000e-01,6.272000e-02,
972,4.088000e-01,6.370000e-02,
973,4.088000e-01,6.762000e-02,
974,4.032000e-01,6.272000e-02,
975,4.032000e-01,6.762000e-02,
976,3.976000e-01,6.468000e-02,
977,3.976000e-01,5.978000e-02,
978,3.976000e-01,6.370000e-02,
979,3.920000e-01,5.978000e-02,
980,3.920000e-01,6.076000e-02,
981,3.864000e-01,6.566000e-02,
982,3.808000e-01,6.370000e-02,
983,3.808000e-01,5.978000e-02,
984,3.808000e-01,6.468000e-02,
985,3.752000e-01,5.978000e-02,
986,3.752000e-01,6.076000e-02,
987,3.696000e-01,5.586000e-02,
988,3.696000e-01,5.586000e-02,
989,3.640000e-01,6.076000e-02,
990,3.640000e-01,5.488000e-02,
991,3.584000e-01,5.978000e-02,
992,3.584000e-01,5.880000e-02,
993,3.528000e-01,5.390000e-02,
994,3.528000e-01,5.488000e-02,
995,3.472000e-01,5.978000e-02,
996,3.416000e-01,5.390000e-02,
997,3.416000e-01,5.880000e-02,
998,3.360000e-01,5.488000e-02,
999,3.416000e-01,5.096000e-02,
1000,3.304000e-01,5.390000e-02,
1001,3.304000e-01,4.998000e-02,
1002,3.248000e-01,5.488000e-02,
1003,3.248000e-01,4.998000e-02,
1004,3.192000e-01,5.194000e-02,
1005,3.192000e-01,4.704000e-02,
1006,3.136000e-01,4.508000e-02,
1007,3.080000e-01,4.998000e-02,
1008,3.080000e-01,5.194000e-02,
1009,3.024000e-01,4.802000e-02,
1010,3.024000e-01,4.508000e-02,
1011,2.968000e-01,4.900000e-02,
1012,2.912000e-01,4.900000e-02,
1013,2.912000e-01,4.508000e-02,
1014,2.856000e-01,4.802000e-02,
1015,2.856000e-01,4.312000e-02,
1016,2.800000e-01,4.606000e-02,
1017,2.800000e-01,4.214000e-02,
1018,2.744000e-01,4.606000e-02,
1019,2.688000e-01,4.116000e-02,
1020,2.632000e-01,4.508000e-02,
1021,2.688000e-01,4.116000e-02,
1022,2.576000e-01,4.312000e-02,
1023,2.576000e-01,3.822000e-02,
1024,2.520000e-01,3.528000e-02,
1025,2.464000e-01,4.018000e-02,
1026,2.464000e-01,4.214000e-02,
1027,2.408000e-01,3.724000e-02,
1028,2.352000e-01,3.822000e-02,
1029,2.352000e-01,3.332000e-02,
1030,2.296000e-01,3.920000e-02,
1031,2.296000e-01,3.430000e-02,
1032,2.240000e-01,3.724000e-02,
1033,2.184000e-01,3.234000e-02,
1034,2.184000e-01,2.744000e-02,
1035,2.128000e-01,3.234000e-02,
1036,2.072000e-01,3.430000e-02,
1037,2.016000e-01,3.038000e-02,
1038,2.016000e-01,2.940000e-02,
1039,1.960000e-01,3.332000e-02,
1040,1.904000e-01,3.234000e-02,
1041,1.904000e-01,2.744000e-02,
1042,1.792000e-01,2.744000e-02,
1043,1.848000e-01,3.136000e-02,
1044,1.736000e-01,2.548000e-02,
1045,1.792000e-01,3.038000e-02,
1046,1.680000e-01,2.450000e-02,
1047,1.680000e-01,2.842000e-02,
1048,1.624000e-01,2.254000e-02,
1049,1.568000e-01,2.744000e-02,
1050,1.512000e-01,2.058000e-02,
1051,1.512000e-01,2.450000e-02,
1052,1.456000e-01,1.960000e-02,
1053,1.456000e-01,2.450000e-02,
1054,1.400000e-01,1.960000e-02,
1055,1.344000e-01,2.450000e-02,
1056,1.288000e-01,2.156000e-02,
1057,1.288000e-01,1.666000e-02,
1058,1.232000e-01,2.254000e-02,
1059,1.176000e-01,1.764000e-02,
1060,1.176000e-01,1.862000e-02,
1061,1.120000e-01,1.372000e-02,
1062,1.064000e-01,1.372000e-02,
1063,1.064000e-01,1.764000e-02,
1064,1.008000e-01,1.568000e-02,
1065,9.519999e-02,1.176000e-02,
1066,9.519999e-02,1.078000e-02,
1067,8.960000e-02,1.568000e-02,
1068,8.400000e-02,1.470000e-02,
1069,7.840000e-02,1.078000e-02,
1070,7.840000e-02,1.372000e-02,
1071,7.280000e-02,8.820000e-03,
1072,6.720000e-02,7.840000e-03,
1073,6.160000e-02,1.274000e-02,
1074,5.600000e-02,9.800000e-03,
1075,5.600000e-02,4.900000e-03,
1076,5.040000e-02,2.940000e-03,
1077,4.480000e-02,7.840000e-03,
1078,3.920000e-02,8.820000e-03,
1079,3.920000e-02,3.920000e-03,
1080,3.360000e-02,5.880000e-03,
1081,3.360000e-02,1.960000e-03,
1082,2.240000e-02,0.000000e+00,
1083,2.800000e-02,4.900000e-03,
1084,1.680000e-02,2.940000e-03,
1085,1.120000e-02,-1.960000e-03,
1086,1.120000e-02,9.800000e-04,
1087,5.600000e-03,-3.920000e-03,
1088,0.000000e+00,9.800000e-04,
1089,-5.600000e-03,-3.920000e-03,
1090,-5.600000e-03,-6.860000e-03,
1091,-1.120000e-02,-1.960000e-03,
1092,-1.680000e-02,-9.800000e-04,
1093,-2.240000e-02,-5.880000e-03,
1094,-2.240000e-02,-2.940000e-03,
1095,-2.800000e-02,-6.860000e-03,
1096,-3.360000e-02,-5.880000e-03,
1097,-3.360000e-02,-1.078000e-02,
1098,-3.920000e-02,-9.800000e-03,
1099,-4.480000e-02,-5.880000e-03,
1100,-5.040000e-02,-6.860000e-03,
1101,-5.040000e-02,-1.176000e-02,
1102,-5.600000e-02,-7.840000e-03,
1103,-6.160000e-02,-1.176000e-02,
1104,-6.160000e-02,-8.820000e-03,
1105,-6.720000e-02,-1.274000e-02,
1106,-7.280000e-02,-1.176000e-02,
1107,-7.840000e-02,-1.666000e-02,
1108,-8.400000e-02,-1.666000e-02,
1109,-8.400000e-02,-1.274000e-02,
1110,-8.960000e-02,-1.960000e-02,
1111,-9.519999e-02,-1.568000e-02,
1112,-9.519999e-02,-1.470000e-02,
1113,-1.008000e-01,-1.862000e-02,
1114,-1.064000e-01,-2.156000e-02,
1115,-1.120000e-01,-1.666000e-02,
1116,-1.120000e-01,-2.254000e-02,
1117,-1.176000e-01,-1.764000e-02,
1118,-1.176000e-01,-2.352000e-02,
1119,-1.232000e-01,-1.862000e-02,
1120,-1.288000e-01,-2.058000e-02,
1121,-1.344000e-01,-2.548000e-02,
1122,-1.344000e-01,-2.450000e-02,
1123,-1.400000e-01,-1.960000e-02,
1124,-1.456000e-01,-2.352000e-02,
1125,-1.456000e-01,-2.842000e-02,
1126,-1.512000e-01,-3.136000e-02,
1127,-1.568000e-01,-2.646000e-02,
1128,-1.624000e-01,-2.842000e-02,
1129,-1.568000e-01,-2.450000e-02,
1130,-1.680000e-01,-3.332000e-02,
1131,-1.680000e-01,-2.940000e-02,
1132,-1.736000e-01,-3.332000e-02,
1133,-1.792000e-01,-2.842000e-02,
1134,-1.848000e-01,-3.430000e-02,
1135,-1.848000e-01,-2.940000e-02,
1136,-1.904000e-01,-3.626000e-02,
1137,-1.960000e-01,-3.136000e-02,
1138,-2.016000e-01,-3.136000e-02,
1139,-1.960000e-01,-3.626000e-02,
1140,-2.072000e-01,-3.234000e-02,
1141,-2.072000e-01,-3.724000e-02,
1142,-2.128000e-01,-3.430000e-02,
1143,-2.184000e-01,-3.920000e-02,
1144,-2.184000e-01,-4.018000e-02,
1145,-2.240000e-01,-3.528000e-02,
1146,-2.296000e-01,-3.822000e-02,
1147,-2.296000e-01,-4.312000e-02,
1148,-2.352000e-01,-4.116000e-02,
1149,-2.408000e-01,-3.626000e-02,
1150,-2.408000e-01,-4.018000e-02,
1151,-2.464000e-01,-4.508000e-02,
1152,-2.464000e-01,-4.508000e-02,
1153,-2.520000e-01,-4.018000e-02,
1154,-2.576000e-01,-4.312000e-02,
1155,-2.576000e-01,-4.704000e-02,
1156,-2.632000e-01,-4.018000e-02,
1157,-2.688000e-01,-4.508000e-02,
1158,-2.744000e-01,-4.900000e-02,
1159,-2.688000e-01,-4.410000e-02,
1160,-2.800000e-01,-4.508000e-02,
1161,-2.744000e-01,-4.998000e-02,
1162,-2.800000e-01,-4.606000e-02,
1163,-2.856000e-01,-5.096000e-02,
1164,-2.912000e-01,-4.802000e-02,
1165,-2.912000e-01,-5.292000e-02,
1166,-2.968000e-01,-5.194000e-02,
1167,-2.968000e-01,-4.704000e-02,
1168,-3.024000e-01,-4.802000e-02,
1169,-3.080000e-01,-5.292000e-02,
1170,-3.080000e-01,-5.390000e-02,
1171,-3.136000e-01,-4.900000e-02,
1172,-3.136000e-01,-4.998000e-02,
1173,-3.192000e-01,-5.488000e-02,
1174,-3.248000e-01,-5.586000e-02,
1175,-3.248000e-01,-5.194000e-02,
1176,-3.304000e-01,-5.782000e-02,
1177,-3.304000e-01,-5.292000e-02,
1178,-3.304000e-01,-5.782000e-02,
1179,-3.360000e-01,-5.292000e-02,
1180,-3.416000e-01,-5.586000e-02,
1181,-3.416000e-01,-6.174000e-02,
1182,-3.416000e-01,-5.390000e-02,
1183,-3.472000e-01,-5.880000e-02,
1184,-3.528000e-01,-6.272000e-02,
1185,-3.584000e-01,-5.782000e-02,
1186,-3.584000e-01,-5.978000e-02,
1187,-3.584000e-01,-6.468000e-02,
1188,-3.640000e-01,-5.978000e-02,
1189,-3.640000e-01,-6.468000e-02,
1190,-3.696000e-01,-5.978000e-02,
1191,-3.696000e-01,-6.370000e-02,
1192,-3.752000e-01,-6.076000e-02,
1193,-3.752000e-01,-6.664000e-02,
1194,-3.808000e-01,-6.664000e-02,
1195,-3.808000e-01,-6.174000e-02,
1196,-3.864000e-01,-6.762000e-02,
1197,-3.808000e-01,-6.272000e-02,
1198,-3.920000e-01,-6.370000e-02,
1199,-3.920000e-01,-6.958000e-02,
1200,-3.976000e-01,-6.958000e-02,
1201,-3.920000e-01,-6.468000e-02,
1202,-4.032000e-01,-6.664000e-02,
1203,-4.032000e-01,-7.056000e-02,
1204,-4.032000e-01,-6.664000e-02,
1205,-4.088000e-01,-7.154000e-02,
1206,-4.088000e-01,-6.664000e-02,
1207,-4.144000e-01,-7.056000e-02,
1208,-4.144000e-01,-6.664000e-02,
1209,-4.200000e-01,-7.056000e-02,
1210,-4.200000e-01,-6.860000e-02,
1211,-4.200000e-01,-7.252000e-02,
1212,-4.256000e-01,-6.958000e-02,
1213,-4.200000e-01,-7.448000e-02,
1214,-4.312000e-01,-6.860000e-02,
1215,-4.256000e-01,-7.350000e-02,
1216,-4.312000e-01,-6.860000e-02,
1217,-4.368000e-01,-7.448000e-02,
1218,-4.368000e-01,-7.056000e-02,
1219,-4.312000e-01,-7.546000e-02,
1220,-4.368000e-01,-7.644000e-02,
1221,-4.424000e-01,-7.154000e-02,
1222,-4.424000e-01,-7.154000e-02,
1223,-4.424000e-01,-7.644000e-02,
1224,-4.424000e-01,-7.742000e-02,
1225,-4.480000e-01,-7.252000e-02,
1226,-4.480000e-01,-7.644000e-02,
1227,-4.536000e-01,-7.154000e-02,
1228,-4.536000e-01,-7.252000e-02,
1229,-4.480000e-01,-7.742000e-02,
1230,-4.536000e-01,-7.252000e-02,
1231,-4.592000e-01,-7.742000e-02,
1232,-4.592000e-01,-7.938000e-02,
1233,-4.592000e-01,-7.448000e-02,
1234,-4.592000e-01,-7.546000e-02,
1235,-4.648000e-01,-8.036000e-02,
1236,-4.648000e-01,-7.742000e-02,
1237,-4.648000e-01,-8.134000e-02,
1238,-4.704000e-01,-7.448000e-02,
1239,-4.704000e-01,-7.938000e-02,
1240,-4.704000e-01,-7.644000e-02,
1241,-4.760000e-01,-8.134000e-02,
1242,-4.760000e-01,-7.644000e-02,
1243,-4.704000e-01,-8.036000e-02,
1244,-4.760000e-01,-7.742000e-02,
1245,-4.760000e-01,-8.134000e-02,
1246,-4.760000e-01,-8.134000e-02,
1247,-4.760000e-01,-7.644000e-02,
1248,-4.760000e-01,-7.840000e-02,
1249,-4.816000e-01,-8.330000e-02,
1250,-4.816000e-01,-8.036000e-02,
1251,-4.816000e-01,-7.546000e-02,
1252,-4.816000e-01,-7.938000e-02,
1253,-4.872000e-01,-7.448000e-02,
1254,-4.816000e-01,-8.330000e-02,
1255,-4.872000e-01,-7.840000e-02,
1256,-4.872000e-01,-7.742000e-02,
1257,-4.872000e-01,-8.232000e-02,
1258,-4.872000e-01,-8.428000e-02,
1259,-4.928000e-01,-7.938000e-02,
1260,-4.872000e-01,-8.428000e-02,
1261,-4.928000e-01,-7.938000e-02,
1262,-4.928000e-01,-7.644000e-02,
1263,-4.872000e-01,-8.134000e-02,
1264,-4.928000e-01,-7.742000e-02,
1265,-4.928000e-01,-8.232000e-02,
1266,-4.928000e-01,-8.330000e-02,
1267,-4.928000e-01,-7.840000e-02,
1268,-4.928000e-01,-8.232000e-02,
1269,-4.928000e-01,-8.722000e-02,
1270,-4.984000e-01,-7.742000e-02,
1271,-4.928000e-01,-8.134000e-02,
1272,-4.928000e-01,-7.938000e-02,
1273,-4.984000e-01,-8.428000e-02,
1274,-4.928000e-01,-8.036000e-02,
1275,-4.984000e-01,-8.526000e-02,
1276,-4.928000e-01,-8.428000e-02,
1277,-4.984000e-01,-8.036000e-02,
1278,-4.928000e-01,-8.036000e-02,
1279,-4.984000e-01,-8.526000e-02,
1280,-4.928000e-01,-8.330000e-02,
1281,-4.984000e-01,-7.938000e-02,
1282,-4.928000e-01,-7.938000e-02,
1283,-4.984000e-01,-8.428000e-02,
1284,-4.984000e-01,-7.742000e-02,
1285,-4.928000e-01,-8.232000e-02,
1286,-4.928000e-01,-7.840000e-02,
1287,-4.984000e-01,-8.232000e-02,
1288,-4.928000e-01,-7.644000e-02,
1289,-4.984000e-01,-8.134000e-02,
1290,-4.928000e-01,-7.938000e-02,
1291,-4.928000e-01,-8.428000e-02,
1292,-4.872000e-01,-8.428000e-02,
1293,-4.928000e-01,-7.938000e-02,
1294,-4.928000e-01,-7.840000e-02,
1295,-4.872000e-01,-8.330000e-02,
1296,-4.872000e-01,-7.938000e-02,
1297,-4.928000e-01,-8.428000e-02,
1298,-4.872000e-01,-7.938000e-02,
1299,-4.872000e-01,-8.428000e-02,
1300,-4.872000e-01,-8.330000e-02,
1301,-4.872000e-01,-7.840000e-02,
1302,-4.816000e-01,-7.742000e-02,
1303,-4.872000e-01,-8.232000e-02,
1304,-4.816000e-01,-8.526000e-02,
1305,-4.872000e-01,-8.036000e-02,
1306,-4.816000e-01,-8.526000e-02,
1307,-4.872000e-01,-8.036000e-02,
1308,-4.816000e-01,-7.938000e-02,
1309,-4.816000e-01,-8.428000e-02,
1310,-4.816000e-01,-7.742000e-02,
1311,-4.760000e-01,-8.232000e-02,
1312,-4.760000e-01,-8.232000e-02,
1313,-4.704000e-01,-7.742000e-02,
1314,-4.760000e-01,-8.036000e-02,
1315,-4.704000e-01,-7.546000e-02,
1316,-4.704000e-01,-7.742000e-02,
1317,-4.760000e-01,-8.232000e-02,
1318,-4.704000e-01,-8.134000e-02,
1319,-4.704000e-01,-7.644000e-02,
1320,-4.648000e-01,-7.938000e-02,
1321,-4.648000e-01,-7.546000e-02,
1322,-4.648000e-01,-7.644000e-02,
1323,-4.648000e-01,-8.036000e-02,
1324,-4.592000e-01,-7.938000e-02,
1325,-4.592000e-01,-7.448000e-02,
1326,-4.592000e-01,-7.742000e-02,
1327,-4.536000e-01,-7.252000e-02,
1328,-4.536000e-01,-7.546000e-02,
1329,-4.592000e-01,-7.154000e-02,
1330,-4.536000e-01,-7.056000e-02,
1331,-4.480000e-01,-7.644000e-02,
1332,-4.480000e-01,-7.252000e-02,
1333,-4.480000e-01,-7.742000e-02,
1334,-4.424000e-01,-7.252000e-02,
1335,-4.480000e-01,-7.840000e-02,
1336,-4.424000e-01,-7.644000e-02,
1337,-4.368000e-01,-7.154000e-02,
1338,-4.368000e-01,-7.546000e-02,
1339,-4.312000e-01,-7.056000e-02,
1340,-4.312000e-01,-7.448000e-02,
1341,-4.312000e-01,-7.056000e-02,
1342,-4.312000e-01,-6.860000e-02,
1343,-4.256000e-01,-7.252000e-02,
1344,-4.256000e-01,-6.762000e-02,
1345,-4.256000e-01,-7.252000e-02,
1346,-4.200000e-01,-7.252000e-02,
1347,-4.200000e-01,-6.860000e-02,
1348,-4.144000e-01,-7.056000e-02,
1349,-4.200000e-01,-6.566000e-02,
1350,-4.088000e-01,-7.154000e-02,
1351,-4.144000e-01,-6.664000e-02,
1352,-4.088000e-01,-6.664000e-02,
1353,-4.032000e-01,-7.056000e-02,
1354,-4.032000e-01,-6.958000e-02,
1355,-4.032000e-01,-6.566000e-02,
1356,-3.976000e-01,-6.860000e-02,
1357,-3.920000e-01,-6.370000e-02,
1358,-3.920000e-01,-6.762000e-02,
1359,-3.976000e-01,-6.272000e-02,
1360,-3.864000e-01,-6.174000e-02,
1361,-3.808000e-01,-6.664000e-02,
1362,-3.808000e-01,-6.566000e-02,
1363,-3.808000e-01,-6.076000e-02,
1364,-3.752000e-01,-6.664000e-02,
1365,-3.752000e-01,-6.174000e-02,
1366,-3.696000e-01,-6.370000e-02,
1367,-3.696000e-01,-5.880000e-02,
1368,-3.640000e-01,-5.978000e-02,
1369,-3.696000e-01,-6.566000e-02,
1370,-3.584000e-01,-6.272000e-02,
1371,-3.640000e-01,-5.684000e-02,
1372,-3.528000e-01,-5.684000e-02,
1373,-3.584000e-01,-6.076000e-02,
1374,-3.472000e-01,-5.978000e-02,
1375,-3.528000e-01,-5.488000e-02,
1376,-3.416000e-01,-5.880000e-02,
1377,-3.472000e-01,-5.390000e-02,
1378,-3.360000e-01,-5.978000e-02,
1379,-3.360000e-01,-5.488000e-02,
1380,-3.304000e-01,-5.390000e-02,
1381,-3.304000e-01,-5.880000e-02,
1382,-3.248000e-01,-5.586000e-02,
1383,-3.248000e-01,-5.096000e-02,
1384,-3.192000e-01,-5.488000e-02,
1385,-3.136000e-01,-5.096000e-02,
1386,-3.136000e-01,-5.194000e-02,
1387,-3.080000e-01,-4.704000e-02,
1388,-3.080000e-01,-5.488000e-02,
1389,-3.024000e-01,-4.998000e-02,
1390,-3.024000e-01,-4.802000e-02,
1391,-2.968000e-01,-5.292000e-02,
1392,-2.968000e-01,-4.606000e-02,
1393,-2.912000e-01,-5.096000e-02,
1394,-2.912000e-01,-4.508000e-02,
1395,-2.856000e-01,-4.998000e-02,
1396,-2.800000e-01,-4.508000e-02,
1397,-2.800000e-01,-4.998000e-02,
1398,-2.744000e-01,-4.998000e-02,
1399,-2.744000e-01,-4.410000e-02,
